D000008	Abdominal Neoplasms	Abdominal Neoplasm; Neoplasm, Abdominal; Neoplasms, Abdominal
D000069293	Plasmablastic Lymphoma	Lymphoma, Plasmablastic; Lymphomas, Plasmablastic; Plasmablastic Lymphomas
D000069295	Mammary Analogue Secretory Carcinoma	
D000069584	Unilateral Breast Neoplasms	Breast Neoplasm, Unilateral; Breast Neoplasms, Unilateral
D000070779	Giant Cell Tumor of Tendon Sheath	
D000071380	Fibromatosis, Plantar	Plantar Fibromatosis
D000071960	Breast Carcinoma In Situ	
D000074009	Tubular Sweat Gland Adenomas	
D000074723	Oncogene Addiction	Addiction, Oncogene
D000075122	Smoldering Multiple Myeloma	Multiple Myeloma, Smoldering; Smoldering Multiple Myelomas
D000075363	Immunoglobulin Light-chain Amyloidosis	Immunoglobulin Light chain Amyloidosis; Immunoglobulin Light-chain Amyloidoses
D000077192	Adenocarcinoma of Lung	Lung Adenocarcinomas
D000077195	Squamous Cell Carcinoma of Head and Neck	
D000077207	Chondrosarcoma, Clear Cell	
D000077216	Carcinoma, Ovarian Epithelial	Carcinomas, Ovarian Epithelial; Epithelial Carcinoma, Ovarian; Epithelial Carcinomas, Ovarian; Ovarian Epithelial Carcinomas
D000077273	Thyroid Cancer, Papillary	Cancer, Papillary Thyroid; Cancers, Papillary Thyroid; Papillary Thyroid Cancer; Papillary Thyroid Cancers; Thyroid Cancers, Papillary
D000077274	Nasopharyngeal Carcinoma	Carcinoma, Nasopharyngeal; Carcinomas, Nasopharyngeal; Nasopharyngeal Carcinomas
D000077277	Esophageal Squamous Cell Carcinoma	
D000077777	Myopericytoma	Myopericytomas
D000077779	Pancreatic Intraductal Neoplasms	Intraductal Neoplasm, Pancreatic; Intraductal Neoplasms, Pancreatic; Neoplasm, Pancreatic Intraductal; Pancreatic Intraductal Neoplasm
D000079822	Extranodal Extension	
D000080443	Diffuse Intrinsic Pontine Glioma	
D000182	ACTH Syndrome, Ectopic	
D000230	Adenocarcinoma	Adenocarcinomas
D000231	Adenocarcinoma, Papillary	Adenocarcinomas, Papillary; Papillary Adenocarcinoma; Papillary Adenocarcinomas
D000232	Adenofibroma	Adenofibromas
D000235	Adenolymphoma	Adenolymphomas
D000236	Adenoma	Adenomas
D000237	Adenoma, Basophil	Adenomas, Basophil; Basophil Adenoma; Basophil Adenomas
D000238	Adenoma, Chromophobe	Adenomas, Chromophobe; Chromophobe Adenoma; Chromophobe Adenomas
D000239	Adenoma, Acidophil	Acidophil Adenoma; Acidophil Adenomas; Adenomas, Acidophil
D000306	Adrenal Cortex Neoplasms	
D000310	Adrenal Gland Neoplasms	Adrenal Gland Neoplasm; Neoplasm, Adrenal Gland
D000314	Adrenal Rest Tumor	Adrenal Rest Tumors; Rest Tumor, Adrenal; Rest Tumors, Adrenal; Tumor, Adrenal Rest; Tumors, Adrenal Rest
D000564	Ameloblastoma	Ameloblastomas
D000694	Anal Gland Neoplasms	
D000708	Anaplasia	Anaplasias
D000794	Angiokeratoma	Angiokeratomas
D001005	Anus Neoplasms	
D001063	Appendiceal Neoplasms	Appendiceal Neoplasm; Neoplasm, Appendiceal
D001079	Apudoma	Apudomas
D001254	Astrocytoma	Astrocytomas
D001353	Avian Leukosis	
D001357	Sarcoma, Avian	
D001471	Barrett Esophagus	
D001478	Basal Cell Nevus Syndrome	
D001650	Bile Duct Neoplasms	Bile Duct Neoplasm; Neoplasm, Bile Duct
D001661	Biliary Tract Neoplasms	Biliary Tract Neoplasm; Neoplasm, Biliary Tract
D001749	Urinary Bladder Neoplasms	Neoplasm, Urinary Bladder; Urinary Bladder Neoplasm
D001752	Blast Crisis	Blast Crises; Crises, Blast; Crisis, Blast
D001845	Bone Cysts	Bone Cyst; Cyst, Bone; Cysts, Bone
D001859	Bone Neoplasms	Bone Neoplasm; Neoplasm, Bone
D001913	Bowen's Disease	Bowens Disease; Disease, Bowen's
D001932	Brain Neoplasms	
D001935	Branchioma	Branchiomas
D001943	Breast Neoplasms	Breast Neoplasm; Neoplasm, Breast
D001948	Brenner Tumor	
D001984	Bronchial Neoplasms	
D001994	Bronchogenic Cyst	Bronchogenic Cysts; Cyst, Bronchogenic; Cysts, Bronchogenic
D002051	Burkitt Lymphoma	
D002275	Carcinoid Heart Disease	Carcinoid Heart Diseases; Heart Disease, Carcinoid; Heart Diseases, Carcinoid
D002276	Carcinoid Tumor	Carcinoid Tumors; Tumor, Carcinoid; Tumors, Carcinoid
D002277	Carcinoma	Carcinomas
D002278	Carcinoma in Situ	
D002279	Carcinoma 256, Walker	Walker Carcinoma 256
D002280	Carcinoma, Basal Cell	Basal Cell Carcinoma; Basal Cell Carcinomas; Carcinomas, Basal Cell
D002281	Carcinoma, Basosquamous	Basosquamous Carcinoma; Basosquamous Carcinomas; Carcinomas, Basosquamous
D002282	Adenocarcinoma, Bronchiolo-Alveolar	Adenocarcinoma, Bronchiolo Alveolar; Adenocarcinomas, Bronchiolo-Alveolar; Bronchiolo-Alveolar Adenocarcinoma; Bronchiolo-Alveolar Adenocarcinomas
D002283	Carcinoma, Bronchogenic	Bronchogenic Carcinoma; Bronchogenic Carcinomas; Carcinomas, Bronchogenic
D002284	Carcinoma, Brown-Pearce	Brown-Pearce Carcinoma; Carcinoma, Brown Pearce
D002285	Carcinoma, Intraductal, Noninfiltrating	
D002286	Carcinoma, Ehrlich Tumor	Ehrlich Tumor Carcinoma
D002287	Carcinoma, Krebs 2	Krebs 2 Carcinoma
D002288	Adenocarcinoma, Mucinous	Adenocarcinomas, Mucinous; Mucinous Adenocarcinoma; Mucinous Adenocarcinomas
D002289	Carcinoma, Non-Small-Cell Lung	Carcinoma, Non Small Cell Lung; Carcinomas, Non-Small-Cell Lung; Lung Carcinoma, Non-Small-Cell; Lung Carcinomas, Non-Small-Cell; Non-Small-Cell Lung Carcinomas
D002291	Carcinoma, Papillary	Carcinomas, Papillary; Papillary Carcinoma; Papillary Carcinomas
D002292	Carcinoma, Renal Cell	Carcinomas, Renal Cell; Renal Cell Carcinomas
D002293	Adenocarcinoma, Scirrhous	Adenocarcinomas, Scirrhous; Scirrhous Adenocarcinoma; Scirrhous Adenocarcinomas
D002294	Carcinoma, Squamous Cell	Carcinomas, Squamous Cell; Squamous Cell Carcinomas
D002295	Carcinoma, Transitional Cell	Carcinomas, Transitional Cell; Cell Carcinoma, Transitional; Cell Carcinomas, Transitional; Transitional Cell Carcinoma; Transitional Cell Carcinomas
D002296	Carcinosarcoma	Carcinosarcomas
D002345	Carotid Body Tumor	Tumor, Carotid Body; Tumors, Carotid Body
D002430	Cecal Neoplasms	Cecal Neoplasm; Neoplasm, Cecal
D002471	Cell Transformation, Neoplastic	
D002472	Cell Transformation, Viral	Cell Transformations, Viral; Transformations, Viral Cell; Viral Cell Transformations
D002485	Cementoma	Cementomas
D002528	Cerebellar Neoplasms	
D002551	Cerebral Ventricle Neoplasms	
D002578	Uterine Cervical Dysplasia	Cervical Dysplasia, Uterine; Dysplasia, Uterine Cervical
D002583	Uterine Cervical Neoplasms	Cervical Neoplasm, Uterine; Cervical Neoplasms, Uterine; Neoplasm, Uterine Cervical; Neoplasms, Uterine Cervical; Uterine Cervical Neoplasm
D002759	Adenoma, Bile Duct	Adenomas, Bile Duct; Bile Duct Adenoma; Bile Duct Adenomas
D002804	Chondroblastoma	Chondroblastomas
D002812	Chondroma	Chondromas
D002813	Chondrosarcoma	Chondrosarcomas
D002817	Chordoma	Chordomas
D002820	Hydatidiform Mole, Invasive	Hydatidiform Moles, Invasive; Invasive Hydatidiform Mole; Invasive Hydatidiform Moles; Mole, Invasive Hydatidiform; Moles, Invasive Hydatidiform
D002822	Choriocarcinoma	Choriocarcinomas
D002830	Choroid Neoplasms	Choroid Neoplasm; Neoplasm, Choroid; Neoplasms, Choroid
D003043	Cocarcinogenesis	Cocarcinogeneses
D003110	Colonic Neoplasms	Colonic Neoplasm; Neoplasm, Colonic
D003123	Colorectal Neoplasms, Hereditary Nonpolyposis	
D003138	Common Bile Duct Neoplasms	
D003230	Conjunctival Neoplasms	Conjunctival Neoplasm; Neoplasm, Conjunctival; Neoplasms, Conjunctival
D003390	Cranial Nerve Neoplasms	
D003397	Craniopharyngioma	Craniopharyngiomas
D003528	Carcinoma, Adenoid Cystic	Adenoid Cystic Carcinoma; Adenoid Cystic Carcinomas; Carcinomas, Adenoid Cystic; Cystic Carcinoma, Adenoid; Cystic Carcinomas, Adenoid
D003536	Cystadenocarcinoma	Cystadenocarcinomas
D003537	Cystadenoma	Cystadenomas
D003557	Phyllodes Tumor	Phyllodes Tumors; Tumor, Phyllodes; Tumors, Phyllodes
D003560	Cysts	
D003803	Dentigerous Cyst	Cyst, Dentigerous; Cysts, Dentigerous; Dentigerous Cysts
D003884	Dermoid Cyst	Cyst, Dermoid; Cysts, Dermoid; Dermoid Cysts
D003969	Vipoma	Vipomas
D004067	Digestive System Neoplasms	Digestive System Neoplasm; Neoplasm, Digestive System
D004379	Duodenal Neoplasms	Duodenal Neoplasm; Neoplasm, Duodenal; Neoplasms, Duodenal
D004387	Dupuytren Contracture	Contracture, Dupuytren
D004407	Dysgerminoma	Dysgerminomas
D004416	Dysplastic Nevus Syndrome	
D004428	Ear Neoplasms	Ear Neoplasm; Neoplasm, Ear
D004701	Endocrine Gland Neoplasms	Endocrine Gland Neoplasm; Neoplasm, Endocrine Gland
D004806	Ependymoma	Ependymomas
D004814	Epidermal Cyst	Cyst, Epidermal; Cysts, Epidermal; Epidermal Cysts
D004915	Leukemia, Erythroblastic, Acute	
D004919	Erythroplasia	Erythroplasias
D004934	Esophageal Cyst	Cyst, Esophageal; Cysts, Esophageal; Esophageal Cysts
D004938	Esophageal Neoplasms	Esophageal Neoplasm; Neoplasm, Esophageal
D005097	Exostoses, Multiple Hereditary	Hereditary Exostoses, Multiple
D005134	Eye Neoplasms	Eye Neoplasm; Neoplasm, Eye
D005142	Eyelid Neoplasms	Eyelid Neoplasm; Neoplasm, Eyelid; Neoplasms, Eyelid
D005153	Facial Neoplasms	Facial Neoplasm; Neoplasm, Facial; Neoplasms, Facial
D005185	Fallopian Tube Neoplasms	Fallopian Tube Neoplasm; Neoplasm, Fallopian Tube; Neoplasms, Fallopian Tube
D005266	Femoral Neoplasms	Femoral Neoplasm; Neoplasm, Femoral; Neoplasms, Femoral
D005350	Fibroma	Fibromas
D005354	Fibrosarcoma	Fibrosarcomas
D005497	Follicular Cyst	Cyst, Follicular; Cysts, Follicular; Follicular Cysts
D005706	Gallbladder Neoplasms	Gallbladder Neoplasm; Neoplasm, Gallbladder
D005729	Ganglioneuroma	Ganglioneuromas
D005736	Gardner Syndrome	Gardner Syndromes; Syndrome, Gardner; Syndromes, Gardner
D005770	Gastrointestinal Neoplasms	Gastrointestinal Neoplasm; Neoplasm, Gastrointestinal
D005833	Genital Neoplasms, Female	
D005834	Genital Neoplasms, Male	
D005870	Giant Cell Tumors	Cell Tumor, Giant; Cell Tumors, Giant; Giant Cell Tumor; Tumor, Giant Cell; Tumors, Giant Cell
D005887	Gingival Neoplasms	
D005909	Glioblastoma	Glioblastomas
D005910	Glioma	Gliomas
D005918	Glomus Tumor	Glomus Tumors; Tumor, Glomus; Tumors, Glomus
D005925	Glomus Jugulare Tumor	Jugulare Tumor, Glomus; Jugulare Tumors, Glomus; Tumor, Glomus Jugulare; Tumors, Glomus Jugulare
D005935	Glucagonoma	Glucagonomas
D006106	Granulosa Cell Tumor	Granulosa Cell Tumors; Tumor, Granulosa Cell; Tumors, Granulosa Cell
D006222	Hamartoma	Hamartomas
D006223	Hamartoma Syndrome, Multiple	Hamartoma Syndromes, Multiple; Multiple Hamartoma Syndromes
D006258	Head and Neck Neoplasms	
D006338	Heart Neoplasms	Heart Neoplasm; Neoplasm, Heart
D006390	Hemangioendothelioma	Hemangioendotheliomas
D006391	Hemangioma	Hemangiomas
D006392	Hemangioma, Cavernous	Cavernous Hemangiomas; Hemangiomas, Cavernous
D006393	Hemangiopericytoma	Hemangiopericytomas
D006394	Hemangiosarcoma	Hemangiosarcomas
D006528	Carcinoma, Hepatocellular	Carcinomas, Hepatocellular; Hepatocellular Carcinomas
D006607	Adenoma, Sweat Gland	Adenomas, Sweat Gland; Sweat Gland Adenoma; Sweat Gland Adenomas
D006689	Hodgkin Disease	Disease, Hodgkin
D006828	Hydatidiform Mole	Hydatidiform Moles; Mole, Hydatidiform; Moles, Hydatidiform
D007012	Hypopharyngeal Neoplasms	Hypopharyngeal Neoplasm; Neoplasm, Hypopharyngeal
D007029	Hypothalamic Neoplasms	
D007078	Ileal Neoplasms	Ileal Neoplasm; Neoplasm, Ileal; Neoplasms, Ileal
D007161	Immunoproliferative Small Intestinal Disease	
D007340	Insulinoma	Insulinomas
D007414	Intestinal Neoplasms	Intestinal Neoplasm; Neoplasm, Intestinal
D007516	Adenoma, Islet Cell	Adenomas, Islet Cell; Islet Cell Adenoma; Islet Cell Adenomas
D007570	Jaw Cysts	Cyst, Jaw; Cysts, Jaw; Jaw Cyst
D007573	Jaw Neoplasms	Jaw Neoplasm; Neoplasm, Jaw
D007580	Jejunal Neoplasms	Jejunal Neoplasm; Neoplasm, Jejunal; Neoplasms, Jejunal
D007680	Kidney Neoplasms	Kidney Neoplasm; Neoplasm, Kidney
D007725	Krukenberg Tumor	Tumor, Krukenberg
D007822	Laryngeal Neoplasms	
D007889	Leiomyoma	Leiomyomas
D007890	Leiomyosarcoma	Leiomyosarcomas
D007938	Leukemia	Leukemias
D007939	Leukemia L1210	L1210, Leukemia
D007940	Leukemia L5178	L5178, Leukemia
D007941	Leukemia P388	P388, Leukemia
D007942	Leukemia, Experimental	
D007943	Leukemia, Hairy Cell	
D007945	Leukemia, Lymphoid	Leukemias, Lymphoid; Lymphoid Leukemias
D007946	Leukemia, Mast-Cell	Leukemia, Mast Cell; Leukemias, Mast-Cell; Mast-Cell Leukemias
D007947	Leukemia, Megakaryoblastic, Acute	
D007948	Leukemia, Monocytic, Acute	
D007951	Leukemia, Myeloid	
D007952	Leukemia, Plasma Cell	Leukemias, Plasma Cell; Plasma Cell Leukemias
D007953	Leukemia, Radiation-Induced	Leukemia, Radiation Induced
D007971	Leukoplakia	Leukoplakias
D007972	Leukoplakia, Oral	Leukoplakias, Oral; Oral Leukoplakia; Oral Leukoplakias
D007984	Leydig Cell Tumor	Tumor, Leydig Cell
D008039	Linitis Plastica	
D008048	Lip Neoplasms	Lip Neoplasm; Neoplasm, Lip
D008067	Lipoma	Lipomas
D008080	Liposarcoma	Liposarcomas
D008113	Liver Neoplasms	
D008114	Liver Neoplasms, Experimental	Experimental Liver Neoplasm; Liver Neoplasm, Experimental
D008175	Lung Neoplasms	
D008202	Lymphangioma	Lymphangiomas
D008203	Lymphangiomyoma	Lymphangiomyomas
D008204	Lymphangiosarcoma	Lymphangiosarcomas
D008207	Lymphatic Metastasis	Lymphatic Metastases; Metastases, Lymphatic; Metastasis, Lymphatic
D008210	Lymphocele	Lymphoceles
D008223	Lymphoma	Lymphomas
D008224	Lymphoma, Follicular	Follicular Lymphomas; Lymphomas, Follicular
D008228	Lymphoma, Non-Hodgkin	Lymphoma, Non Hodgkin
D008230	Lymphomatoid Granulomatosis	Granulomatoses, Lymphomatoid; Lymphomatoid Granulomatoses
D008258	Waldenstrom Macroglobulinemia	Macroglobulinemia, Waldenstrom
D008303	Malignant Carcinoid Syndrome	Carcinoid Syndrome, Malignant; Carcinoid Syndromes, Malignant; Malignant Carcinoid Syndromes; Syndrome, Malignant Carcinoid; Syndromes, Malignant Carcinoid
D008325	Mammary Neoplasms, Experimental	Experimental Mammary Neoplasm; Mammary Neoplasm, Experimental; Neoplasm, Experimental Mammary
D008339	Mandibular Neoplasms	Mandibular Neoplasm; Neoplasm, Mandibular; Neoplasms, Mandibular
D008415	Mastocytosis	Mastocytoses
D008441	Maxillary Neoplasms	Maxillary Neoplasm; Neoplasm, Maxillary; Neoplasms, Maxillary
D008444	Maxillary Sinus Neoplasms	Maxillary Sinus Neoplasm; Neoplasm, Maxillary Sinus
D008476	Mediastinal Cyst	Cyst, Mediastinal; Cysts, Mediastinal; Mediastinal Cysts
D008479	Mediastinal Neoplasms	
D008527	Medulloblastoma	Medulloblastomas
D008539	Meigs Syndrome	
D008545	Melanoma	Melanomas
D008546	Melanoma, Experimental	
D008577	Meningeal Neoplasms	
D008579	Meningioma	Meningiomas
D008637	Mesenchymoma	Mesenchymomas
D008639	Mesenteric Cyst	Cyst, Mesenteric; Cysts, Mesenteric; Mesenteric Cysts
D008649	Mesonephroma	Mesonephromas
D008654	Mesothelioma	Mesotheliomas
D008949	Adenoma, Pleomorphic	Adenomas, Pleomorphic; Pleomorphic Adenoma; Pleomorphic Adenomas
D009062	Mouth Neoplasms	Mouth Neoplasm; Neoplasm, Mouth
D009078	Mucocele	Mucoceles
D009101	Multiple Myeloma	Multiple Myelomas; Myelomas, Multiple
D009157	Myasthenia Gravis	
D009182	Mycosis Fungoides	
D009188	Myelitis, Transverse	
D009208	Myoepithelioma	Myoepitheliomas
D009214	Myoma	Myomas
D009217	Myosarcoma	Myosarcomas
D009232	Myxoma	Myxomas
D009236	Myxosarcoma	Myxosarcomas
D009303	Nasopharyngeal Neoplasms	Nasopharyngeal Neoplasm; Neoplasm, Nasopharyngeal
D009347	Nelson Syndrome	
D009360	Neoplastic Cells, Circulating	
D009361	Neoplasm Invasiveness	
D009362	Neoplasm Metastasis	
D009364	Neoplasm Recurrence, Local	
D009365	Neoplasm Regression, Spontaneous	
D009366	Neoplasm Seeding	
D009369	Neoplasms	
D009370	Neoplasms by Histologic Type	
D009371	Neoplasms by Site	
D009372	Neoplasms, Connective Tissue	
D009373	Neoplasms, Germ Cell and Embryonal	
D009374	Neoplasms, Experimental	Experimental Neoplasm; Neoplasm, Experimental
D009375	Neoplasms, Glandular and Epithelial	
D009376	Neoplasms, Hormone-Dependent	Neoplasms, Hormone Dependent
D009377	Multiple Endocrine Neoplasia	
D009378	Neoplasms, Multiple Primary	
D009379	Neoplasms, Muscle Tissue	
D009380	Neoplasms, Nerve Tissue	
D009381	Neoplasms, Radiation-Induced	Neoplasms, Radiation Induced
D009382	Neoplasms, Unknown Primary	
D009383	Neoplasms, Vascular Tissue	Neoplasm, Vascular Tissue; Vascular Tissue Neoplasm
D009384	Paraneoplastic Endocrine Syndromes	Endocrine Syndrome, Paraneoplastic; Paraneoplastic Endocrine Syndrome; Syndrome, Paraneoplastic Endocrine; Syndromes, Paraneoplastic Endocrine
D009385	Neoplastic Processes	
D009386	Neoplastic Syndromes, Hereditary	
D009396	Wilms Tumor	Tumor, Wilms
D009423	Nervous System Neoplasms	Neoplasm, Nervous System; Nervous System Neoplasm
D009442	Neurilemmoma	Neurilemmomas
D009447	Neuroblastoma	Neuroblastomas
D009455	Neurofibroma	Neurofibromas
D009456	Neurofibromatosis 1	
D009463	Neuroma	Neuromas
D009464	Neuroma, Acoustic	
D009506	Nevus	
D009507	Nevus of Ota	
D009508	Nevus, Pigmented	Pigmented Nevus
D009631	Nonodontogenic Cysts	Cyst, Nonodontogenic; Cysts, Nonodontogenic; Nonodontogenic Cyst
D009669	Nose Neoplasms	Neoplasm, Nose; Nose Neoplasm
D009807	Odontogenic Cysts	Cyst, Odontogenic; Cysts, Odontogenic; Odontogenic Cyst
D009808	Odontogenic Tumors	Odontogenic Tumor; Tumor, Odontogenic; Tumors, Odontogenic
D009810	Odontoma	Odontomas
D009837	Oligodendroglioma	Oligodendrogliomas
D009918	Orbital Neoplasms	Neoplasm, Orbital; Neoplasms, Orbital; Orbital Neoplasm
D009959	Oropharyngeal Neoplasms	Neoplasm, Oropharyngeal; Oropharyngeal Neoplasm
D010016	Osteoma	Osteomas
D010017	Osteoma, Osteoid	Osteoid Osteomas; Osteomas, Osteoid
D010039	Otorhinolaryngologic Neoplasms	Neoplasm, Otorhinolaryngologic
D010048	Ovarian Cysts	Cyst, Ovarian; Cysts, Ovarian; Ovarian Cyst
D010051	Ovarian Neoplasms	Neoplasm, Ovarian; Ovarian Neoplasm
D010144	Paget's Disease, Mammary	Pagets Disease, Mammary
D010145	Paget Disease, Extramammary	
D010157	Palatal Neoplasms	Neoplasm, Palatal; Neoplasms, Palatal; Palatal Neoplasm
D010178	Pancoast Syndrome	Syndrome, Pancoast
D010181	Pancreatic Cyst	Cyst, Pancreatic; Cysts, Pancreatic; Pancreatic Cysts
D010190	Pancreatic Neoplasms	Neoplasm, Pancreatic; Pancreatic Neoplasm
D010192	Pancreatic Pseudocyst	Pancreatic Pseudocysts; Pseudocyst, Pancreatic; Pseudocysts, Pancreatic
D010212	Papilloma	Papillomas
D010235	Paraganglioma	Paragangliomas
D010236	Paraganglioma, Extra-Adrenal	Extra-Adrenal Paraganglioma; Extra-Adrenal Paragangliomas; Paraganglioma, Extra Adrenal; Paragangliomas, Extra-Adrenal
D010255	Paranasal Sinus Neoplasms	Neoplasm, Paranasal Sinus; Paranasal Sinus Neoplasm
D010257	Paraneoplastic Syndromes	Paraneoplastic Syndrome; Syndrome, Paraneoplastic; Syndromes, Paraneoplastic
D010282	Parathyroid Neoplasms	Neoplasm, Parathyroid; Parathyroid Neoplasm
D010307	Parotid Neoplasms	Neoplasm, Parotid; Parotid Neoplasm
D010310	Parovarian Cyst	Cyst, Parovarian; Cysts, Parovarian; Parovarian Cysts
D010386	Pelvic Neoplasms	Neoplasm, Pelvic; Neoplasms, Pelvic; Pelvic Neoplasm
D010412	Penile Neoplasms	
D010509	Periodontal Cyst	Cyst, Periodontal; Cysts, Periodontal; Periodontal Cysts
D010524	Peripheral Nervous System Neoplasms	
D010534	Peritoneal Neoplasms	Neoplasm, Peritoneal; Peritoneal Neoplasm
D010580	Peutz-Jeghers Syndrome	Peutz Jeghers Syndrome; Syndrome, Peutz-Jeghers
D010610	Pharyngeal Neoplasms	Neoplasm, Pharyngeal; Pharyngeal Neoplasm
D010673	Pheochromocytoma	Pheochromocytomas
D010864	Pilonidal Sinus	Sinus, Pilonidal
D010871	Pinealoma	Pinealomas
D010911	Pituitary Neoplasms	Neoplasm, Pituitary; Neoplasms, Pituitary; Pituitary Neoplasm
D010954	Plasmacytoma	Plasmacytomas
D010997	Pleural Neoplasms	
D011085	Polycystic Ovary Syndrome	Ovary Syndrome, Polycystic; Syndrome, Polycystic Ovary
D011087	Polycythemia Vera	
D011125	Adenomatous Polyposis Coli	Adenomatous Polyposis Colus; Coli, Adenomatous Polyposis; Colus, Adenomatous Polyposis; Polyposis Coli, Adenomatous; Polyposis Colus, Adenomatous
D011151	Popliteal Cyst	Cyst, Popliteal; Cysts, Popliteal; Popliteal Cysts
D011230	Precancerous Conditions	Condition, Precancerous; Conditions, Precancerous; Precancerous Condition
D011252	Pregnancy Complications, Neoplastic	
D011289	Preleukemia	Preleukemias
D011471	Prostatic Neoplasms	
D011553	Pseudomyxoma Peritonei	
D011648	Pulmonary Adenomatosis, Ovine	
D011842	Radicular Cyst	Cyst, Radicular; Cysts, Radicular; Radicular Cysts
D011900	Ranula	Ranulas
D012004	Rectal Neoplasms	Neoplasm, Rectal; Rectal Neoplasm
D012142	Respiratory Tract Neoplasms	Neoplasm, Respiratory Tract; Neoplasms, Respiratory Tract; Respiratory Tract Neoplasm; Tract Neoplasm, Respiratory; Tract Neoplasms, Respiratory
D012175	Retinoblastoma	Retinoblastomas
D012186	Retroperitoneal Neoplasms	Neoplasm, Retroperitoneal; Neoplasms, Retroperitoneal; Retroperitoneal Neoplasm
D012207	Rhabdomyoma	Rhabdomyomas
D012208	Rhabdomyosarcoma	Rhabdomyosarcomas
D012468	Salivary Gland Neoplasms	Gland Neoplasm, Salivary; Gland Neoplasms, Salivary; Neoplasm, Salivary Gland; Salivary Gland Neoplasm
D012509	Sarcoma	Sarcomas
D012510	Sarcoma 180	
D012511	Sarcoma 37	
D012512	Sarcoma, Ewing	
D012513	Sarcoma, Experimental	
D012514	Sarcoma, Kaposi	
D012515	Mast-Cell Sarcoma	Mast Cell Sarcoma
D012516	Osteosarcoma	Osteosarcomas
D012517	Sarcoma, Yoshida	Yoshida Sarcoma
D012626	Sebaceous Gland Neoplasms	
D012707	Sertoli Cell Tumor	Tumor, Sertoli Cell
D012751	Sezary Syndrome	Syndrome, Sezary
D012811	Sigmoid Neoplasms	Neoplasm, Sigmoid; Sigmoid Neoplasm
D012878	Skin Neoplasms	
D012888	Skull Neoplasms	
D012983	Soft Tissue Neoplasms	Neoplasm, Soft Tissue; Neoplasms, Soft Tissue; Soft Tissue Neoplasm
D013005	Somatostatinoma	Somatostatinomas
D013120	Spinal Cord Neoplasms	
D013125	Spinal Neoplasms	Neoplasm, Spinal; Neoplasms, Spinal; Spinal Neoplasm
D013160	Splenic Neoplasms	Neoplasm, Splenic; Splenic Neoplasm
D013274	Stomach Neoplasms	Neoplasm, Stomach; Stomach Neoplasm
D013330	Struma Ovarii	
D013341	Sturge-Weber Syndrome	Sturge Weber Syndrome; Syndrome, Sturge-Weber
D013362	Sublingual Gland Neoplasms	Gland Neoplasm, Sublingual; Gland Neoplasms, Sublingual; Neoplasm, Sublingual Gland; Neoplasms, Sublingual Gland; Sublingual Gland Neoplasm
D013365	Submandibular Gland Neoplasms	Gland Neoplasm, Submandibular; Gland Neoplasms, Submandibular; Neoplasm, Submandibular Gland; Neoplasms, Submandibular Gland; Submandibular Gland Neoplasm
D013544	Sweat Gland Neoplasms	
D013581	Synovial Cyst	Cyst, Synovial; Cysts, Synovial
D013584	Sarcoma, Synovial	Sarcomas, Synovial; Synovial Sarcoma; Synovial Sarcomas
D013586	Synovitis, Pigmented Villonodular	Pigmented Villonodular Synovitides; Pigmented Villonodular Synovitis; Synovitides, Pigmented Villonodular; Villonodular Synovitides, Pigmented; Villonodular Synovitis, Pigmented
D013724	Teratoma	Teratomas
D013736	Testicular Neoplasms	Neoplasm, Testicular; Testicular Neoplasm
D013798	Thecoma	Thecomas
D013899	Thoracic Neoplasms	Neoplasm, Thoracic; Neoplasms, Thoracic; Thoracic Neoplasm
D013945	Thymoma	Thymomas
D013953	Thymus Neoplasms	Neoplasm, Thymus; Thymus Neoplasm
D013955	Thyroglossal Cyst	Cyst, Thyroglossal; Cysts, Thyroglossal; Thyroglossal Cysts
D013964	Thyroid Neoplasms	Neoplasm, Thyroid; Thyroid Neoplasm
D014062	Tongue Neoplasms	Neoplasm, Tongue; Tongue Neoplasm
D014067	Tonsillar Neoplasms	
D014134	Tracheal Neoplasms	Neoplasm, Tracheal; Neoplasms, Tracheal; Tracheal Neoplasm
D014328	Trophoblastic Neoplasms	
D014402	Tuberous Sclerosis	Sclerosis, Tuberous
D014496	Urachal Cyst	Cyst, Urachal; Cysts, Urachal; Urachal Cysts
D014516	Ureteral Neoplasms	Neoplasm, Ureteral; Ureteral Neoplasm
D014523	Urethral Neoplasms	
D014565	Urogenital Neoplasms	Neoplasm, Urogenital; Urogenital Neoplasm
D014571	Urologic Neoplasms	
D014582	Urticaria Pigmentosa	
D014594	Uterine Neoplasms	
D014604	Uveal Neoplasms	Neoplasm, Uveal; Neoplasms, Uveal; Uveal Neoplasm
D014625	Vaginal Neoplasms	Neoplasm, Vaginal; Vaginal Neoplasm
D014685	Venereal Tumors, Veterinary	
D014846	Vulvar Neoplasms	Neoplasm, Vulvar; Vulvar Neoplasm
D014983	Xeroderma Pigmentosum	
D015043	Zollinger-Ellison Syndrome	Syndrome, Zollinger-Ellison; Zollinger Ellison Syndrome
D015173	Supratentorial Neoplasms	
D015174	Epidural Neoplasms	
D015175	Prolactinoma	Prolactinomas
D015179	Colorectal Neoplasms	Colorectal Neoplasm; Neoplasm, Colorectal
D015192	Infratentorial Neoplasms	
D015266	Carcinoma, Merkel Cell	
D015408	Gastrinoma	Gastrinomas
D015448	Leukemia, B-Cell	Leukemia, B Cell
D015451	Leukemia, Lymphocytic, Chronic, B-Cell	
D015452	Precursor B-Cell Lymphoblastic Leukemia-Lymphoma	Precursor B Cell Lymphoblastic Leukemia Lymphoma
D015456	Leukemia, Biphenotypic, Acute	
D015458	Leukemia, T-Cell	Leukemia, T Cell
D015459	Leukemia-Lymphoma, Adult T-Cell	Adult T-Cell Leukemia-Lymphoma; Adult T-Cell Leukemia-Lymphomas; Leukemia-Lymphomas, Adult T-Cell; T-Cell Leukemia-Lymphomas, Adult
D015461	Leukemia, Prolymphocytic, T-Cell	
D015463	Leukemia, Prolymphocytic	
D015464	Leukemia, Myelogenous, Chronic, BCR-ABL Positive	
D015465	Leukemia, Myeloid, Accelerated Phase	
D015466	Leukemia, Myeloid, Chronic-Phase	
D015470	Leukemia, Myeloid, Acute	
D015471	Leukemia, Basophilic, Acute	
D015472	Leukemia, Eosinophilic, Acute	
D015473	Leukemia, Promyelocytic, Acute	
D015477	Leukemia, Myelomonocytic, Chronic	
D015479	Leukemia, Myelomonocytic, Acute	
D015529	Choledochal Cyst	Choledochal Cysts; Cyst, Choledochal
D015620	Histiocytic Disorders, Malignant	Disorder, Malignant Histiocytic; Disorders, Malignant Histiocytic; Histiocytic Disorder, Malignant; Malignant Histiocytic Disorder; Malignant Histiocytic Disorders
D015624	Lambert-Eaton Myasthenic Syndrome	Lambert Eaton Myasthenic Syndrome
D015674	Mammary Neoplasms, Animal	Animal Mammary Neoplasm; Animal Mammary Neoplasms; Mammary Neoplasm, Animal; Neoplasm, Animal Mammary; Neoplasms, Animal Mammary
D015811	Iris Neoplasms	
D015831	Osteochondroma	Osteochondromas
D016066	Pleural Effusion, Malignant	Effusion, Malignant Pleural; Effusions, Malignant Pleural; Malignant Pleural Effusion; Malignant Pleural Effusions; Pleural Effusions, Malignant
D016080	Arachnoid Cysts	Cyst, Arachnoid; Cysts, Arachnoid
D016393	Lymphoma, B-Cell	Lymphoma, B Cell
D016399	Lymphoma, T-Cell	Lymphoma, T Cell
D016400	Lymphoma, Large-Cell, Immunoblastic	
D016403	Lymphoma, Large B-Cell, Diffuse	
D016410	Lymphoma, T-Cell, Cutaneous	
D016411	Lymphoma, T-Cell, Peripheral	
D016483	Lymphoma, AIDS-Related	Lymphoma, AIDS Related
D016518	Neurofibromatosis 2	
D016543	Central Nervous System Neoplasms	
D016545	Choroid Plexus Neoplasms	
D016582	Leukemia, Feline	
D016583	Enzootic Bovine Leukosis	Bovine Leukoses, Enzootic; Bovine Leukosis, Enzootic; Enzootic Bovine Leukoses; Leukoses, Enzootic Bovine; Leukosis, Enzootic Bovine
D016586	Granular Cell Tumor	Cell Tumor, Granular; Cell Tumors, Granular; Granular Cell Tumors; Tumor, Granular Cell; Tumors, Granular Cell
D016606	Thyroid Nodule	Nodule, Thyroid; Nodules, Thyroid; Thyroid Nodules
D016609	Neoplasms, Second Primary	Neoplasm, Second Primary; Second Primary Neoplasm
D016715	Proteus Syndrome	
D016864	Li-Fraumeni Syndrome	Li Fraumeni Syndrome
D016889	Endometrial Neoplasms	Endometrial Neoplasm; Neoplasm, Endometrial
D017043	Chalazion	
D017169	Neoplasms, Post-Traumatic	Neoplasms, Post Traumatic
D017253	Neurofibromatoses	
D017254	Leukemic Infiltration	Infiltration, Leukemic; Infiltrations, Leukemic; Leukemic Infiltrations
D017599	Neuroectodermal Tumors	Neuroectodermal Tumor; Tumor, Neuroectodermal; Tumors, Neuroectodermal
D017600	Neuroectodermal Tumor, Melanotic	Melanotic Neuroectodermal Tumor; Melanotic Neuroectodermal Tumors; Neuroectodermal Tumors, Melanotic; Tumor, Melanotic Neuroectodermal; Tumors, Melanotic Neuroectodermal
D017624	WAGR Syndrome	Syndrome, WAGR; WAGR Syndromes
D017728	Lymphoma, Large-Cell, Anaplastic	
D017731	Lymphomatoid Papulosis	Lymphomatoid Papuloses; Papuloses, Lymphomatoid; Papulosis, Lymphomatoid
D017733	Leukoplakia, Hairy	Hairy Leukoplakia; Hairy Leukoplakias; Leukoplakias, Hairy
D017824	Bone Cysts, Aneurysmal	Bone Cyst, Aneurysmal; Cyst, Aneurysmal Bone; Cysts, Aneurysmal Bone
D018190	Lymphatic Vessel Tumors	Lymphatic Vessel Tumor; Tumor, Lymphatic Vessel; Tumors, Lymphatic Vessel
D018191	Lymphangioma, Cystic	Cystic Lymphangioma; Cystic Lymphangiomas; Lymphangiomas, Cystic
D018192	Lymphangioleiomyomatosis	Lymphangioleiomyomatoses
D018193	Neoplasms, Complex and Mixed	
D018194	Adenomyoma	Adenomyomas
D018195	Adenosarcoma	Adenosarcomas
D018196	Carcinoma, Adenosquamous	Adenosquamous Carcinoma; Adenosquamous Carcinomas; Carcinomas, Adenosquamous
D018197	Hepatoblastoma	Hepatoblastomas
D018198	Mixed Tumor, Malignant	Malignant Mixed Tumor; Malignant Mixed Tumors; Mixed Tumors, Malignant; Tumor, Malignant Mixed; Tumors, Malignant Mixed
D018199	Mixed Tumor, Mesodermal	Mesodermal Mixed Tumor; Mesodermal Mixed Tumors; Mixed Tumors, Mesodermal; Tumor, Mesodermal Mixed; Tumors, Mesodermal Mixed
D018200	Mixed Tumor, Mullerian	Mullerian Mixed Tumor; Tumor, Mullerian Mixed
D018201	Nephroma, Mesoblastic	Nephromas, Mesoblastic
D018202	Pulmonary Blastoma	
D018203	Sarcoma, Endometrial Stromal	Endometrial Stromal Sarcomas; Sarcomas, Endometrial Stromal; Stromal Sarcoma, Endometrial; Stromal Sarcomas, Endometrial
D018204	Neoplasms, Connective and Soft Tissue	
D018205	Neoplasms, Adipose Tissue	
D018206	Angiolipoma	Angiolipomas
D018207	Angiomyolipoma	Angiomyolipomas
D018208	Liposarcoma, Myxoid	Liposarcomas, Myxoid; Myxoid Liposarcomas
D018209	Myelolipoma	Myelolipomas
D018210	Chondromatosis	Chondromatoses
D018211	Chondrosarcoma, Mesenchymal	Chondrosarcomas, Mesenchymal; Mesenchymal Chondrosarcoma; Mesenchymal Chondrosarcomas
D018212	Giant Cell Tumor of Bone	
D018213	Neoplasms, Bone Tissue	
D018214	Fibroma, Ossifying	Fibromas, Ossifying; Ossifying Fibroma; Ossifying Fibromas
D018215	Osteoblastoma	Osteoblastomas
D018216	Osteochondromatosis	Osteochondromatoses
D018217	Osteosarcoma, Juxtacortical	Juxtacortical Osteosarcoma; Juxtacortical Osteosarcomas; Osteosarcomas, Juxtacortical
D018218	Neoplasms, Fibrous Tissue	
D018219	Histiocytoma, Benign Fibrous	Benign Fibrous Histiocytomas; Fibrous Histiocytoma, Benign; Fibrous Histiocytomas, Benign; Histiocytomas, Benign Fibrous
D018220	Fibroma, Desmoplastic	Desmoplastic Fibroma; Desmoplastic Fibromas
D018221	Fibromatosis, Abdominal	Abdominal Fibromatoses; Abdominal Fibromatosis; Fibromatoses, Abdominal
D018222	Fibromatosis, Aggressive	Aggressive Fibromatoses; Aggressive Fibromatosis; Fibromatoses, Aggressive
D018223	Dermatofibrosarcoma	Dermatofibrosarcomas
D018224	Myofibromatosis	Myofibromatoses
D018225	Neoplasms, Fibroepithelial	
D018226	Fibroadenoma	Fibroadenomas
D018227	Sarcoma, Clear Cell	Clear Cell Sarcoma; Clear Cell Sarcomas; Sarcomas, Clear Cell
D018228	Sarcoma, Small Cell	Cell Sarcoma, Small; Cell Sarcomas, Small; Sarcomas, Small Cell; Small Cell Sarcoma; Small Cell Sarcomas
D018229	Angiomyoma	Angiomyomas
D018230	Leiomyoma, Epithelioid	Epithelioid Leiomyoma; Epithelioid Leiomyomas; Leiomyomas, Epithelioid
D018231	Leiomyomatosis	Leiomyomatoses
D018232	Rhabdomyosarcoma, Alveolar	Alveolar Rhabdomyosarcoma; Alveolar Rhabdomyosarcomas; Rhabdomyosarcomas, Alveolar
D018233	Rhabdomyosarcoma, Embryonal	Embryonal Rhabdomyosarcoma; Embryonal Rhabdomyosarcomas; Rhabdomyosarcomas, Embryonal
D018234	Sarcoma, Alveolar Soft Part	
D018235	Smooth Muscle Tumor	Muscle Tumor, Smooth; Muscle Tumors, Smooth; Smooth Muscle Tumors; Tumor, Smooth Muscle; Tumors, Smooth Muscle
D018236	Carcinoma, Embryonal	Carcinomas, Embryonal; Embryonal Carcinoma; Embryonal Carcinomas
D018237	Germinoma	Germinomas
D018238	Gonadoblastoma	Gonadoblastomas
D018239	Seminoma	Seminomas
D018240	Endodermal Sinus Tumor	Endodermal Sinus Tumors; Tumor, Endodermal Sinus; Tumors, Endodermal Sinus
D018241	Neuroectodermal Tumors, Primitive, Peripheral	
D018242	Neuroectodermal Tumors, Primitive	
D018243	Teratocarcinoma	Teratocarcinomas
D018245	Trophoblastic Tumor, Placental Site	
D018246	Adrenocortical Adenoma	Adenomas, Adrenocortical; Adrenocortical Adenomas
D018248	Adenoma, Liver Cell	Adenomas, Liver Cell; Liver Cell Adenoma; Liver Cell Adenomas
D018249	Adenoma, Oxyphilic	Oxyphilic Adenoma
D018250	Acrospiroma	Acrospiromas
D018251	Hidrocystoma	Hidrocystomas
D018252	Syringoma	Syringomas
D018253	Adenoma, Villous	Adenomas, Villous; Villous Adenoma; Villous Adenomas
D018254	Adenomatoid Tumor	Adenomatoid Tumors; Tumor, Adenomatoid; Tumors, Adenomatoid
D018255	Adenomatosis, Pulmonary	
D018256	Adenomatous Polyps	Adenomatous Polyp; Polyp, Adenomatous; Polyps, Adenomatous
D018261	Mesothelioma, Cystic	Cystic Mesothelioma; Cystic Mesotheliomas; Mesotheliomas, Cystic
D018262	Adenocarcinoma, Clear Cell	Adenocarcinomas, Clear Cell; Clear Cell Adenocarcinoma; Clear Cell Adenocarcinomas
D018263	Adenocarcinoma, Follicular	Adenocarcinomas, Follicular; Follicular Adenocarcinoma; Follicular Adenocarcinomas
D018265	Carcinoma, Papillary, Follicular	
D018266	Adenocarcinoma, Sebaceous	Adenocarcinomas, Sebaceous; Sebaceous Adenocarcinoma; Sebaceous Adenocarcinomas
D018267	Carcinoma, Acinar Cell	Acinar Cell Carcinoma; Acinar Cell Carcinomas; Carcinomas, Acinar Cell
D018268	Adrenocortical Carcinoma	Adrenocortical Carcinomas; Carcinomas, Adrenocortical
D018269	Carcinoma, Endometrioid	Carcinomas, Endometrioid; Endometrioid Carcinoma; Endometrioid Carcinomas
D018270	Carcinoma, Ductal, Breast	
D018273	Carcinoma, Islet Cell	Carcinomas, Islet Cell; Islet Cell Carcinoma; Islet Cell Carcinomas
D018275	Carcinoma, Lobular	Carcinomas, Lobular; Lobular Carcinoma; Lobular Carcinomas
D018276	Carcinoma, Medullary	Carcinomas, Medullary; Medullary Carcinoma; Medullary Carcinomas
D018277	Carcinoma, Mucoepidermoid	Carcinomas, Mucoepidermoid; Mucoepidermoid Carcinoma; Mucoepidermoid Carcinomas
D018278	Carcinoma, Neuroendocrine	Carcinomas, Neuroendocrine; Neuroendocrine Carcinoma; Neuroendocrine Carcinomas
D018279	Carcinoma, Signet Ring Cell	
D018280	Carcinoma, Skin Appendage	Appendage Carcinoma, Skin; Appendage Carcinomas, Skin; Carcinomas, Skin Appendage; Skin Appendage Carcinoma; Skin Appendage Carcinomas
D018281	Cholangiocarcinoma	Cholangiocarcinomas
D018282	Cystadenocarcinoma, Mucinous	Cystadenocarcinomas, Mucinous; Mucinous Cystadenocarcinoma; Mucinous Cystadenocarcinomas
D018283	Cystadenocarcinoma, Papillary	Cystadenocarcinomas, Papillary; Papillary Cystadenocarcinoma; Papillary Cystadenocarcinomas
D018284	Cystadenocarcinoma, Serous	Cystadenocarcinomas, Serous; Serous Cystadenocarcinoma; Serous Cystadenocarcinomas
D018285	Klatskin Tumor	Tumor, Klatskin
D018286	Carcinoma, Giant Cell	Carcinomas, Giant Cell; Cell Carcinoma, Giant; Cell Carcinomas, Giant; Giant Cell Carcinoma; Giant Cell Carcinomas
D018287	Carcinoma, Large Cell	Carcinomas, Large Cell; Cell Carcinoma, Large; Cell Carcinomas, Large; Large Cell Carcinoma; Large Cell Carcinomas
D018288	Carcinoma, Small Cell	Carcinomas, Small Cell; Small Cell Carcinomas
D018289	Carcinoma, Verrucous	Carcinomas, Verrucous; Verrucous Carcinoma; Verrucous Carcinomas
D018290	Cervical Intraepithelial Neoplasia	
D018291	Cystadenoma, Mucinous	Cystadenomas, Mucinous; Mucinous Cystadenoma; Mucinous Cystadenomas
D018292	Cystadenoma, Papillary	Cystadenomas, Papillary; Papillary Cystadenoma; Papillary Cystadenomas
D018293	Cystadenoma, Serous	Cystadenomas, Serous; Serous Cystadenoma; Serous Cystadenomas
D018294	Neoplasms, Adnexal and Skin Appendage	
D018295	Neoplasms, Basal Cell	
D018296	Pilomatrixoma	
D018297	Neoplasms, Cystic, Mucinous, and Serous	
D018298	Mucoepidermoid Tumor	Mucoepidermoid Tumors; Tumor, Mucoepidermoid; Tumors, Mucoepidermoid
D018299	Neoplasms, Ductal, Lobular, and Medullary	
D018300	Papilloma, Intraductal	Intraductal Papilloma; Intraductal Papillomas; Papillomas, Intraductal
D018301	Neoplasms, Mesothelial	
D018302	Neoplasms, Neuroepithelial	
D018303	Ganglioglioma	Gangliogliomas
D018304	Esthesioneuroblastoma, Olfactory	Esthesioneuroblastomas, Olfactory; Olfactory Esthesioneuroblastoma; Olfactory Esthesioneuroblastomas
D018305	Ganglioneuroblastoma	Ganglioneuroblastomas
D018306	Neurocytoma	Neurocytomas
D018307	Neoplasms, Squamous Cell	
D018308	Papilloma, Inverted	Inverted Papilloma; Inverted Papillomas; Papillomas, Inverted
D018309	Neoplasms, Gonadal Tissue	
D018310	Sertoli-Leydig Cell Tumor	Cell Tumor, Sertoli-Leydig; Sertoli Leydig Cell Tumor; Tumor, Sertoli-Leydig Cell
D018311	Luteoma	Luteomas
D018312	Sex Cord-Gonadal Stromal Tumors	
D018315	Glioma, Subependymal	Gliomas, Subependymal; Subependymal Gliomas
D018316	Gliosarcoma	Gliosarcomas
D018317	Nerve Sheath Neoplasms	Neoplasm, Nerve Sheath; Nerve Sheath Neoplasm
D018318	Neurofibroma, Plexiform	Neurofibromas, Plexiform; Plexiform Neurofibroma; Plexiform Neurofibromas
D018319	Neurofibrosarcoma	Neurofibrosarcomas
D018321	Neurothekeoma	Neurothekeomas
D018322	Angiofibroma	Angiofibromas
D018323	Hemangioendothelioma, Epithelioid	Epithelioid Hemangioendothelioma; Epithelioid Hemangioendotheliomas; Hemangioendotheliomas, Epithelioid
D018324	Hemangioma, Capillary	Capillary Hemangioma; Capillary Hemangiomas; Hemangiomas, Capillary
D018325	Hemangioblastoma	Hemangioblastomas
D018326	Nevi and Melanomas	
D018327	Hutchinson's Melanotic Freckle	Freckle, Hutchinson's Melanotic; Hutchinson Melanotic Freckle; Hutchinsons Melanotic Freckle; Melanotic Freckle, Hutchinson's
D018328	Melanoma, Amelanotic	Amelanotic Melanoma; Amelanotic Melanomas; Melanomas, Amelanotic
D018329	Nevus, Blue	
D018330	Nevus, Intradermal	
D018331	Nevus, Spindle Cell	
D018332	Nevus, Epithelioid and Spindle Cell	
D018333	Odontogenic Cyst, Calcifying	Calcifying Odontogenic Cyst; Calcifying Odontogenic Cysts; Cyst, Calcifying Odontogenic; Cysts, Calcifying Odontogenic; Odontogenic Cysts, Calcifying
D018335	Rhabdoid Tumor	Rhabdoid Tumors; Tumor, Rhabdoid; Tumors, Rhabdoid
D018358	Neuroendocrine Tumors	Neuroendocrine Tumor; Tumor, Neuroendocrine; Tumors, Neuroendocrine
D018365	Neoplasm, Residual	Residual Neoplasms
D018442	Lymphoma, B-Cell, Marginal Zone	
D018567	Breast Neoplasms, Male	Breast Neoplasm, Male; Male Breast Neoplasm; Neoplasm, Male Breast
D018761	Multiple Endocrine Neoplasia Type 1	
D018813	Multiple Endocrine Neoplasia Type 2a	
D018814	Multiple Endocrine Neoplasia Type 2b	
D018827	Carcinoma, Lewis Lung	Lewis Lung Carcinoma; Lung Carcinoma, Lewis
D019042	Muscle Neoplasms	
D019043	Vascular Neoplasms	
D019046	Bone Marrow Neoplasms	
D019048	Prostatic Intraepithelial Neoplasia	
D019292	Skull Base Neoplasms	
D019337	Hematologic Neoplasms	
D019572	Retinal Neoplasms	Neoplasm, Retinal; Retinal Neoplasm
D019574	Optic Nerve Neoplasms	Neoplasm, Optic Nerve; Optic Nerve Neoplasm
D020288	Papilloma, Choroid Plexus	Choroid Plexus Papillomas; Papillomas, Choroid Plexus
D020295	Brain Stem Neoplasms	Brain Stem Neoplasm; Neoplasm, Brain Stem
D020339	Optic Nerve Glioma	Gliomas, Optic Nerve; Optic Nerve Gliomas
D020361	Paraneoplastic Syndromes, Nervous System	
D020362	Paraneoplastic Cerebellar Degeneration	Degeneration, Paraneoplastic Cerebellar
D020363	Limbic Encephalitis	
D020364	Paraneoplastic Polyneuropathy	Paraneoplastic Polyneuropathies; Polyneuropathies, Paraneoplastic
D020522	Lymphoma, Mantle-Cell	Lymphoma, Mantle Cell; Lymphomas, Mantle-Cell; Mantle-Cell Lymphomas
D020786	Hemangioma, Cavernous, Central Nervous System	
D020787	Central Nervous System Venous Angioma	
D020863	Central Nervous System Cysts	
D021441	Carcinoma, Pancreatic Ductal	Carcinomas, Pancreatic Ductal; Ductal Carcinoma, Pancreatic; Ductal Carcinomas, Pancreatic; Pancreatic Ductal Carcinomas
D023981	Sarcoma, Myeloid	Myeloid Sarcomas; Sarcomas, Myeloid
D030321	Denys-Drash Syndrome	Denys Drash Syndrome; Syndrome, Denys-Drash
D031901	Gestational Trophoblastic Disease	Disease, Gestational Trophoblastic; Diseases, Gestational Trophoblastic; Gestational Trophoblastic Diseases; Trophoblastic Disease, Gestational; Trophoblastic Diseases, Gestational
D031954	Choriocarcinoma, Non-gestational	Choriocarcinoma, Non gestational; Choriocarcinomas, Non-gestational; Non-gestational Choriocarcinomas
D034701	Mastocytosis, Cutaneous	Cutaneous Mastocytoses; Mastocytoses, Cutaneous
D034721	Mastocytosis, Systemic	Mastocytoses, Systemic; Systemic Mastocytoses; Systemic Mastocytosis
D034801	Mastocytoma	
D036821	Endometrial Stromal Tumors	Endometrial Stromal Tumor; Stromal Tumor, Endometrial; Stromal Tumors, Endometrial; Tumor, Endometrial Stromal; Tumors, Endometrial Stromal
D043604	Glomus Tympanicum Tumor	Glomus Tympanicum Tumors; Tumor, Glomus Tympanicum; Tumors, Glomus Tympanicum
D044584	Carcinoma, Ductal	Carcinomas, Ductal; Ductal Carcinomas
D045888	Ganglion Cysts	Cyst, Ganglion; Cysts, Ganglion; Ganglion Cyst
D046152	Gastrointestinal Stromal Tumors	Stromal Tumor, Gastrointestinal; Stromal Tumors, Gastrointestinal; Tumor, Gastrointestinal Stromal; Tumors, Gastrointestinal Stromal
D047688	Breast Cyst	Cyst, Breast; Cysts, Breast
D047708	Myofibroma	Myofibromas
D047868	Pulmonary Sclerosing Hemangioma	Pulmonary Sclerosing Hemangiomas; Sclerosing Hemangioma, Pulmonary; Sclerosing Hemangiomas, Pulmonary
D049309	Acanthoma	Acanthomas
D049328	Mongolian Spot	Spot, Mongolian
D049912	Growth Hormone-Secreting Pituitary Adenoma	
D049913	ACTH-Secreting Pituitary Adenoma	ACTH Secreting Pituitary Adenoma; ACTH-Secreting Pituitary Adenomas; Pituitary Adenomas, ACTH-Secreting
D050398	Adamantinoma	Adamantinomas
D051527	Odontogenic Tumor, Squamous	Odontogenic Tumors, Squamous; Squamous Odontogenic Tumors; Tumor, Squamous Odontogenic; Tumors, Squamous Odontogenic
D051642	Histiocytoma	Histiocytomas
D051677	Histiocytoma, Malignant Fibrous	Fibrous Histiocytoma, Malignant; Fibrous Histiocytomas, Malignant; Histiocytomas, Malignant Fibrous; Malignant Fibrous Histiocytomas
D052958	Tarlov Cysts	Cysts, Tarlov
D053578	Opsoclonus-Myoclonus Syndrome	Opsoclonus Myoclonus Syndrome
D054000	Nevus, Sebaceous of Jadassohn	
D054066	Leukemia, Large Granular Lymphocytic	
D054198	Precursor Cell Lymphoblastic Leukemia-Lymphoma	Precursor Cell Lymphoblastic Leukemia Lymphoma
D054218	Precursor T-Cell Lymphoblastic Leukemia-Lymphoma	Precursor T Cell Lymphoblastic Leukemia Lymphoma
D054219	Neoplasms, Plasma Cell	Neoplasm, Plasma Cell; Plasma Cell Neoplasm
D054363	Solitary Fibrous Tumor, Pleural	
D054364	Solitary Fibrous Tumors	Fibrous Tumor, Solitary; Fibrous Tumors, Solitary; Solitary Fibrous Tumor; Tumor, Solitary Fibrous; Tumors, Solitary Fibrous
D054391	Lymphoma, Extranodal NK-T-Cell	Extranodal NK-T-Cell Lymphomas; Lymphoma, Extranodal NK T Cell; Lymphomas, Extranodal NK-T-Cell; NK-T-Cell Lymphoma, Extranodal; NK-T-Cell Lymphomas, Extranodal
D054403	Leukemia, Prolymphocytic, B-Cell	
D054429	Leukemia, Myelomonocytic, Juvenile	
D054438	Leukemia, Myeloid, Chronic, Atypical, BCR-ABL Negative	
D054446	Lymphoma, Primary Cutaneous Anaplastic Large Cell	
D054685	Lymphoma, Primary Effusion	Effusion Lymphoma, Primary; Effusion Lymphomas, Primary; Lymphomas, Primary Effusion; Primary Effusion Lymphomas
D054705	Mastocytoma, Skin	
D054739	Dendritic Cell Sarcoma, Interdigitating	
D054740	Dendritic Cell Sarcoma, Follicular	
D054747	Histiocytic Sarcoma	Histiocytic Sarcomas; Sarcoma, Histiocytic; Sarcomas, Histiocytic
D054752	Langerhans Cell Sarcoma	Langerhans Cell Sarcomas; Sarcoma, Langerhans Cell; Sarcomas, Langerhans Cell
D054973	Perivascular Epithelioid Cell Neoplasms	
D054975	Pallister-Hall Syndrome	Pallister Hall Syndrome; Syndrome, Pallister-Hall
D055331	Adenomyoepithelioma	Adenomyoepitheliomas
D055613	Multiple Pulmonary Nodules	Multiple Pulmonary Nodule; Pulmonary Nodule, Multiple; Pulmonary Nodules, Multiple
D055623	Keratosis, Actinic	Actinic Keratoses; Keratoses, Actinic
D055653	Muir-Torre Syndrome	Muir Torre Syndrome; Syndrome, Muir-Torre
D055752	Small Cell Lung Carcinoma	
D055756	Meningeal Carcinomatosis	Carcinomatoses, Meningeal; Carcinomatosis, Meningeal; Meningeal Carcinomatoses
D055847	Lynch Syndrome II	
D055882	Nevus, Halo	Halo Nevus
D056267	Pagetoid Reticulosis	Pagetoid Reticuloses; Reticuloses, Pagetoid; Reticulosis, Pagetoid
D056364	Colloid Cysts	Colloid Cyst; Cyst, Colloid; Cysts, Colloid
D056733	Carney Complex	Complex, Carney
D057090	Eccrine Porocarcinoma	Eccrine Porocarcinomas; Porocarcinoma, Eccrine; Porocarcinomas, Eccrine
D057091	Poroma	Poromas
D058249	Birt-Hogg-Dube Syndrome	Birt Hogg Dube Syndrome
D058288	Sister Mary Joseph's Nodule	
D058405	Desmoplastic Small Round Cell Tumor	
D058527	Enteropathy-Associated T-Cell Lymphoma	Enteropathy Associated T Cell Lymphoma; Enteropathy-Associated T-Cell Lymphomas; Lymphomas, Enteropathy-Associated T-Cell; T-Cell Lymphomas, Enteropathy-Associated
D058617	Composite Lymphoma	Composite Lymphomas; Lymphoma, Composite; Lymphomas, Composite
D058739	Aberrant Crypt Foci	Crypt Foci, Aberrant; Foci, Aberrant Crypt
D058922	Inflammatory Breast Neoplasms	Breast Neoplasm, Inflammatory; Breast Neoplasms, Inflammatory; Inflammatory Breast Neoplasm; Neoplasm, Inflammatory Breast; Neoplasms, Inflammatory Breast
D059545	Paraneoplastic Syndromes, Ocular	Ocular Paraneoplastic Syndrome; Ocular Paraneoplastic Syndromes; Paraneoplastic Syndrome, Ocular; Syndrome, Ocular Paraneoplastic; Syndromes, Ocular Paraneoplastic
D059885	Kasabach-Merritt Syndrome	Kasabach Merritt Syndrome; Syndrome, Kasabach-Merritt
D060426	Anti-N-Methyl-D-Aspartate Receptor Encephalitis	Anti N Methyl D Aspartate Receptor Encephalitis; Anti-N-Methyl-D-Aspartate Receptor Encephalitides; Encephalitides, Anti-N-Methyl-D-Aspartate Receptor; Encephalitis, Anti-N-Methyl-D-Aspartate Receptor
D061206	Neoplasm Micrometastasis	
D061325	Hereditary Breast and Ovarian Cancer Syndrome	
D062625	Cystadenofibroma	Cystadenofibromas
D062688	Buschke-Lowenstein Tumor	Tumor, Buschke-Lowenstein
D062689	Lipoblastoma	Lipoblastomas
D063646	Carcinogenesis	Carcinogeneses
D064090	Intraocular Lymphoma	Intraocular Lymphomas; Lymphoma, Intraocular; Lymphomas, Intraocular
D064129	Prostatic Neoplasms, Castration-Resistant	Castration-Resistant Prostatic Neoplasm; Neoplasm, Castration-Resistant Prostatic; Neoplasms, Castration-Resistant Prostatic; Prostatic Neoplasm, Castration-Resistant; Prostatic Neoplasms, Castration Resistant
D064726	Triple Negative Breast Neoplasms	
D065309	Atypical Squamous Cells of the Cervix	
D065310	Squamous Intraepithelial Lesions of the Cervix	
D065311	Adenocarcinoma in Situ	Adenocarcinoma in Situs; Situ, Adenocarcinoma in; in Situ, Adenocarcinoma
D065646	Thyroid Carcinoma, Anaplastic	Anaplastic Thyroid Carcinoma; Anaplastic Thyroid Carcinomas; Carcinoma, Anaplastic Thyroid; Carcinomas, Anaplastic Thyroid; Thyroid Carcinomas, Anaplastic
